Test,Output,Min,Max,Mean,Median,Std Dev,Spec,Pass/Fail
hyuntest_lkg_tb_1_spectre,rvtnfet_ids,1.079e-9,27.48e-9,6.983e-9,6.313e-9,3.329e-9,,
hyuntest_lkg_tb_1_spectre,rvtnfet_igtot,-4.361e-12,-4.36e-12,-4.36e-12,-4.36e-12,42.72e-18,,
hyuntest_lkg_tb_1_spectre,rvtnfet_igidl,76.48e-15,76.49e-15,76.49e-15,76.49e-15,1.824e-18,,
hyuntest_lkg_tb_1_spectre,rvtnfet_vth,267.6e-3,392e-3,326.1e-3,326e-3,17.27e-3,,
hyuntest_lkg_tb_1_spectre,lvtnfet_ids,15.46e-9,251.5e-9,65.98e-9,58.85e-9,32.31e-9,,
hyuntest_lkg_tb_1_spectre,lvtnfet_igtot,-4.373e-12,-4.372e-12,-4.373e-12,-4.372e-12,61.55e-18,,
hyuntest_lkg_tb_1_spectre,lvtnfet_igidl,50.56e-15,50.65e-15,50.63e-15,50.63e-15,12.35e-18,,
hyuntest_lkg_tb_1_spectre,lvtnfet_vth,179.1e-3,288.1e-3,236.3e-3,236.3e-3,18.45e-3,,
hyuntest_lkg_tb_1_spectre,mvtnfet_ids,3.896e-9,74.18e-9,18.64e-9,16.65e-9,9.505e-9,,
hyuntest_lkg_tb_1_spectre,mvtnfet_igtot,-4.361e-12,-4.36e-12,-4.36e-12,-4.36e-12,61.08e-18,,
hyuntest_lkg_tb_1_spectre,mvtnfet_igidl,67.32e-15,67.36e-15,67.35e-15,67.35e-15,4.654e-18,,
hyuntest_lkg_tb_1_spectre,mvtnfet_vth,236.7e-3,347.4e-3,292.3e-3,292.8e-3,18.11e-3,,
hyuntest_lkg_tb_1_spectre,slvtnfet_ids,65.32e-9,1.283e-6,361.5e-9,326.5e-9,180.2e-9,,
hyuntest_lkg_tb_1_spectre,slvtnfet_igtot,-4.341e-12,-4.339e-12,-4.341e-12,-4.341e-12,393.7e-18,,
hyuntest_lkg_tb_1_spectre,slvtnfet_igidl,36.54e-15,36.91e-15,36.82e-15,36.83e-15,55.53e-18,,
hyuntest_lkg_tb_1_spectre,slvtnfet_vth,107.8e-3,230.1e-3,165.9e-3,165.5e-3,18.65e-3,,
hyuntest_lkg_tb_1_spectre,vlvtnfet_ids,34.36e-9,769.3e-9,162e-9,146.4e-9,77.9e-9,,
hyuntest_lkg_tb_1_spectre,vlvtnfet_igtot,-4.373e-12,-4.372e-12,-4.372e-12,-4.372e-12,39.79e-18,,
hyuntest_lkg_tb_1_spectre,vlvtnfet_igidl,42.66e-15,42.91e-15,42.87e-15,42.88e-15,26.54e-18,,
hyuntest_lkg_tb_1_spectre,vlvtnfet_vth,133.4e-3,249.2e-3,195.5e-3,195.3e-3,17.51e-3,,
hyuntest_lkg_tb_1_spectre,nswnfetpd_ids,56.64e-12,1.193e-9,330.6e-12,293.4e-12,181e-12,,
hyuntest_lkg_tb_1_spectre,nswnfetpd_igtot,-595.8e-15,-595.8e-15,-595.8e-15,-595.8e-15,2.295e-18,,
hyuntest_lkg_tb_1_spectre,nswnfetpd_igidl,12.06e-48,12.06e-48,12.06e-48,12.06e-48,0,,
hyuntest_lkg_tb_1_spectre,nswnfetpd_vth,272.4e-3,381.6e-3,325.4e-3,325.3e-3,18.52e-3,,
hyuntest_lkg_tb_1_spectre,nswnfetwl_ids,44.31e-12,1.253e-9,328.3e-12,284.7e-12,179.2e-12,,
hyuntest_lkg_tb_1_spectre,nswnfetwl_igtot,-595.8e-15,-595.8e-15,-595.8e-15,-595.8e-15,2.076e-18,,
hyuntest_lkg_tb_1_spectre,nswnfetwl_igidl,12.06e-48,12.06e-48,12.06e-48,12.06e-48,0,,
hyuntest_lkg_tb_1_spectre,nswnfetwl_vth,275.4e-3,392.1e-3,325.9e-3,326.2e-3,19e-3,,
hyuntest_lkg_tb_1_spectre,hvtpfet_ids,-255.8e-15,-10.7e-15,-68.04e-15,-60.59e-15,34.83e-15,,
hyuntest_lkg_tb_1_spectre,hvtpfet_igtot,6.652e-12,6.652e-12,6.652e-12,6.652e-12,nan,,
hyuntest_lkg_tb_1_spectre,hvtpfet_igidl,-10.92e-15,-10.92e-15,-10.92e-15,-10.92e-15,0,,
hyuntest_lkg_tb_1_spectre,hvtpfet_vth,-460.9e-3,-332.9e-3,-391.7e-3,-391.7e-3,19.83e-3,,
hyuntest_lkg_tb_1_spectre,rvtpfet_ids,-884.8e-15,-40.4e-15,-203.8e-15,-180.9e-15,107.5e-15,,
hyuntest_lkg_tb_1_spectre,rvtpfet_igtot,6.652e-12,6.652e-12,6.652e-12,6.652e-12,nan,,
hyuntest_lkg_tb_1_spectre,rvtpfet_igidl,-7.67e-15,-7.67e-15,-7.67e-15,-7.67e-15,0,,
hyuntest_lkg_tb_1_spectre,rvtpfet_vth,-407.4e-3,-287.3e-3,-349.2e-3,-348.6e-3,19.02e-3,,
hyuntest_lkg_tb_1_spectre,lvtpfet_ids,-5.666e-12,-151.2e-15,-1.203e-12,-1.055e-12,667.8e-15,,
hyuntest_lkg_tb_1_spectre,lvtpfet_igtot,8.14e-12,8.14e-12,8.14e-12,8.14e-12,nan,,
hyuntest_lkg_tb_1_spectre,lvtpfet_igidl,-2.962e-15,-2.962e-15,-2.962e-15,-2.962e-15,0,,
hyuntest_lkg_tb_1_spectre,lvtpfet_vth,-364.3e-3,-235.2e-3,-300.8e-3,-300.6e-3,19.05e-3,,
hyuntest_lkg_tb_1_spectre,mvtpfet_ids,-2.906e-12,-107.1e-15,-637.4e-15,-562.8e-15,349.8e-15,,
hyuntest_lkg_tb_1_spectre,mvtpfet_igtot,8.114e-12,8.114e-12,8.114e-12,8.114e-12,nan,,
hyuntest_lkg_tb_1_spectre,mvtpfet_igidl,-4.735e-15,-4.735e-15,-4.735e-15,-4.735e-15,0,,
hyuntest_lkg_tb_1_spectre,mvtpfet_vth,-348.8e-3,-227.6e-3,-284.8e-3,-284.8e-3,19.26e-3,,
hyuntest_lkg_tb_1_spectre,slvtpfet_ids,-25.53e-12,-927.1e-15,-5.182e-12,-4.44e-12,2.976e-12,,
hyuntest_lkg_tb_1_spectre,slvtpfet_igtot,8.148e-12,8.148e-12,8.148e-12,8.148e-12,nan,,
hyuntest_lkg_tb_1_spectre,slvtpfet_igidl,-150e-18,-150e-18,-150e-18,-150e-18,0,,
hyuntest_lkg_tb_1_spectre,slvtpfet_vth,-310.6e-3,-183.9e-3,-247.7e-3,-248.3e-3,19.31e-3,,
hyuntest_lkg_tb_1_spectre,vlvtpfet_ids,-14.05e-12,-502e-15,-2.613e-12,-2.269e-12,1.491e-12,,
hyuntest_lkg_tb_1_spectre,vlvtpfet_igtot,8.148e-12,8.148e-12,8.148e-12,8.148e-12,nan,,
hyuntest_lkg_tb_1_spectre,vlvtpfet_igidl,-231.9e-18,-231.9e-18,-231.9e-18,-231.9e-18,0,,
hyuntest_lkg_tb_1_spectre,vlvtpfet_vth,-312.4e-3,-189.9e-3,-255.7e-3,-255.5e-3,19.4e-3,,
hyuntest_lkg_tb_1_spectre,nswpfetpu_ids,-26.44e-15,-368.8e-18,-4.415e-15,-3.227e-15,3.67e-15,,
hyuntest_lkg_tb_1_spectre,nswpfetpu_igtot,2.836e-12,2.836e-12,2.836e-12,2.836e-12,nan,,
hyuntest_lkg_tb_1_spectre,nswpfetpu_igidl,-112.5e-15,-112.5e-15,-112.5e-15,-112.5e-15,0,,
hyuntest_lkg_tb_1_spectre,nswpfetpu_vth,-336e-3,-185.4e-3,-257.7e-3,-258.5e-3,27.07e-3,,

