"for ids, igidl",Output,Min,Max,Mean,Median,Std Dev,,"for ids, igidl",Output,Mean,Std Dev,for igtot,Output,Mean,Std Dev
pmos: vds= vdd to vdd/2,rvtnfet_ids,1.08E-09,2.75E-08,6.98E-09,6.31E-09,3.33E-09,,pmos: vds= vdd to vdd/2,rvtnfet_ids,3.85E-13,1.86E-13,pmos: vds= vdd to vdd/2,rvtnfet_ids,1.13E-04,4.63E-06
nmos vds= vdd/2 to 0,rvtnfet_igtot,-4.36E-12,-4.36E-12,-4.36E-12,-4.36E-12,4.27E-17,,nmos vds= vdd to vdd/2,rvtnfet_igtot,-2.94E-11,1.12E-18,nmos vds= vdd/2 to 0,rvtnfet_igtot,6.92E-11,4.16E-12
pmos gate=vdd,rvtnfet_igidl,7.65E-14,7.65E-14,7.65E-14,7.65E-14,1.82E-18,,pmos gate=vdd,rvtnfet_igidl,2.87E-10,1.17E-17,pmos gate=0,rvtnfet_igidl,1.21E-101,0
nmos gate=0,rvtnfet_vth,2.68E-01,3.92E-01,3.26E-01,3.26E-01,1.73E-02,,nmos gate=0,rvtnfet_vth,3.26E-01,1.73E-02,nmos gate=vdd,rvtnfet_vth,3.27E-01,1.72E-02
,lvtnfet_ids,1.55E-08,2.52E-07,6.60E-08,5.89E-08,3.23E-08,,,lvtnfet_ids,3.76E-12,1.90E-12,,lvtnfet_ids,1.42E-04,5.22E-06
,lvtnfet_igtot,-4.37E-12,-4.37E-12,-4.37E-12,-4.37E-12,6.16E-17,,,lvtnfet_igtot,-2.95E-11,nan,,lvtnfet_igtot,5.58E-11,3.16E-12
,lvtnfet_igidl,5.06E-14,5.07E-14,5.06E-14,5.06E-14,1.24E-17,,,lvtnfet_igidl,1.94E-10,nan,,lvtnfet_igidl,7.89E-102,0
,lvtnfet_vth,1.79E-01,2.88E-01,2.36E-01,2.36E-01,1.85E-02,,,lvtnfet_vth,2.36E-01,1.85E-02,,lvtnfet_vth,2.37E-01,1.84E-02
,mvtnfet_ids,3.90E-09,7.42E-08,1.86E-08,1.67E-08,9.51E-09,,,mvtnfet_ids,1.02E-12,5.29E-13,,mvtnfet_ids,1.27E-04,4.97E-06
,mvtnfet_igtot,-4.36E-12,-4.36E-12,-4.36E-12,-4.36E-12,6.11E-17,,,mvtnfet_igtot,-2.94E-11,6.21E-19,,mvtnfet_igtot,6.41E-11,3.91E-12
,mvtnfet_igidl,6.73E-14,6.74E-14,6.74E-14,6.74E-14,4.65E-18,,,mvtnfet_igidl,2.55E-10,1.22E-17,,mvtnfet_igidl,1.11E-101,0
,mvtnfet_vth,2.37E-01,3.47E-01,2.92E-01,2.93E-01,1.81E-02,,,mvtnfet_vth,2.92E-01,1.81E-02,,mvtnfet_vth,2.93E-01,1.81E-02
,slvtnfet_ids,6.53E-08,1.28E-06,3.62E-07,3.27E-07,1.80E-07,,,slvtnfet_ids,1.95E-11,1.09E-11,,slvtnfet_ids,1.60E-04,5.93E-06
,slvtnfet_igtot,-4.34E-12,-4.34E-12,-4.34E-12,-4.34E-12,3.94E-16,,,slvtnfet_igtot,-2.93E-11,1.16E-18,,slvtnfet_igtot,5.25E-11,2.86E-12
,slvtnfet_igidl,3.65E-14,3.69E-14,3.68E-14,3.68E-14,5.55E-17,,,slvtnfet_igidl,1.83E-10,7.03E-18,,slvtnfet_igidl,1.21E-101,0
,slvtnfet_vth,1.08E-01,2.30E-01,1.66E-01,1.66E-01,1.87E-02,,,slvtnfet_vth,1.66E-01,1.87E-02,,slvtnfet_vth,1.67E-01,1.86E-02
,vlvtnfet_ids,3.44E-08,7.69E-07,1.62E-07,1.46E-07,7.79E-08,,,vlvtnfet_ids,7.91E-12,4.08E-12,,vlvtnfet_ids,1.53E-04,6.18E-06
,vlvtnfet_igtot,-4.37E-12,-4.37E-12,-4.37E-12,-4.37E-12,3.98E-17,,,vlvtnfet_igtot,-2.95E-11,1.52E-18,,vlvtnfet_igtot,5.70E-11,2.98E-12
,vlvtnfet_igidl,4.27E-14,4.29E-14,4.29E-14,4.29E-14,2.65E-17,,,vlvtnfet_igidl,1.87E-10,nan,,vlvtnfet_igidl,1.01E-101,0
,vlvtnfet_vth,1.33E-01,2.49E-01,1.96E-01,1.95E-01,1.75E-02,,,vlvtnfet_vth,1.96E-01,1.75E-02,,vlvtnfet_vth,1.96E-01,1.75E-02
,nswnfetpd_ids,5.66E-11,1.19E-09,3.31E-10,2.93E-10,1.81E-10,,,nswnfetpd_ids,8.65E-15,4.73E-15,,nswnfetpd_ids,5.52E-05,2.91E-06
,nswnfetpd_igtot,-5.96E-13,-5.96E-13,-5.96E-13,-5.96E-13,2.30E-18,,,nswnfetpd_igtot,-4.07E-12,0,,nswnfetpd_igtot,6.57E-12,2.45E-13
,nswnfetpd_igidl,1.21E-47,1.21E-47,1.21E-47,1.21E-47,0,,,nswnfetpd_igidl,1.32E-10,nan,,nswnfetpd_igidl,1.53E-102,0
,nswnfetpd_vth,2.72E-01,3.82E-01,3.25E-01,3.25E-01,1.85E-02,,,nswnfetpd_vth,3.25E-01,1.85E-02,,nswnfetpd_vth,3.25E-01,1.85E-02
,nswnfetwl_ids,4.43E-11,1.25E-09,3.28E-10,2.85E-10,1.79E-10,,,nswnfetwl_ids,8.59E-15,4.72E-15,,nswnfetwl_ids,5.73E-05,3.13E-06
,nswnfetwl_igtot,-5.96E-13,-5.96E-13,-5.96E-13,-5.96E-13,2.08E-18,,,nswnfetwl_igtot,-4.07E-12,0,,nswnfetwl_igtot,7.05E-12,2.96E-13
,nswnfetwl_igidl,1.21E-47,1.21E-47,1.21E-47,1.21E-47,0,,,nswnfetwl_igidl,1.32E-10,7.03E-18,,nswnfetwl_igidl,1.37E-102,0
,nswnfetwl_vth,2.75E-01,3.92E-01,3.26E-01,3.26E-01,1.90E-02,,,nswnfetwl_vth,3.26E-01,1.90E-02,,nswnfetwl_vth,3.26E-01,1.90E-02
,hvtpfet_ids,-2.75E-09,-1.18E-10,-7.41E-10,-6.63E-10,3.79E-10,,,,,,,hvtpfet_ids,-7.26E-05,4.62E-06
,hvtpfet_igtot,7.39E-13,7.39E-13,7.39E-13,7.39E-13,4.24E-19,,,,,,,hvtpfet_igtot,-6.51E-12,1.87E-14
,hvtpfet_igidl,-1.09E-14,-1.09E-14,-1.09E-14,-1.09E-14,5.15E-20,,,,,,,hvtpfet_igidl,-5.34E-101,0
,hvtpfet_vth,-4.61E-01,-3.33E-01,-3.92E-01,-3.92E-01,1.98E-02,,,,,,,hvtpfet_vth,-3.91E-01,1.99E-02
,rvtpfet_ids,-9.76E-09,-4.49E-10,-2.25E-09,-2.00E-09,1.18E-09,,,,,,,rvtpfet_ids,-8.68E-05,6.21E-06
,rvtpfet_igtot,7.39E-13,7.39E-13,7.39E-13,7.39E-13,1.36E-18,,,,,,,rvtpfet_igtot,-6.56E-12,3.46E-14
,rvtpfet_igidl,-7.67E-15,-7.67E-15,-7.67E-15,-7.67E-15,1.13E-19,,,,,,,rvtpfet_igidl,-3.71E-101,0
,rvtpfet_vth,-4.07E-01,-2.87E-01,-3.49E-01,-3.49E-01,1.90E-02,,,,,,,rvtpfet_vth,-3.49E-01,1.90E-02
,lvtpfet_ids,-6.30E-08,-1.82E-09,-1.37E-08,-1.20E-08,7.57E-09,,,,,,,lvtpfet_ids,-1.05E-04,8.07E-06
,lvtpfet_igtot,9.00E-13,9.00E-13,9.00E-13,9.00E-13,1.17E-17,,,,,,,lvtpfet_igtot,-7.70E-12,2.60E-14
,lvtpfet_igidl,-2.96E-15,-2.96E-15,-2.96E-15,-2.96E-15,2.97E-19,,,,,,,lvtpfet_igidl,-2.82E-101,0
,lvtpfet_vth,-3.64E-01,-2.35E-01,-3.01E-01,-3.01E-01,1.91E-02,,,,,,,lvtpfet_vth,-3.01E-01,1.90E-02
,mvtpfet_ids,-3.21E-08,-1.22E-09,-7.20E-09,-6.35E-09,3.93E-09,,,,,,,mvtpfet_ids,-9.49E-05,6.73E-06
,mvtpfet_igtot,8.97E-13,8.97E-13,8.97E-13,8.97E-13,5.67E-18,,,,,,,mvtpfet_igtot,-7.97E-12,4.76E-14
,mvtpfet_igidl,-4.74E-15,-4.73E-15,-4.74E-15,-4.74E-15,2.43E-19,,,,,,,mvtpfet_igidl,-3.33E-101,0
,mvtpfet_vth,-3.49E-01,-2.28E-01,-2.85E-01,-2.85E-01,1.93E-02,,,,,,,mvtpfet_vth,-2.85E-01,1.93E-02
,slvtpfet_ids,-2.93E-07,-1.07E-08,-6.08E-08,-5.21E-08,3.43E-08,,,,,,,slvtpfet_ids,-1.10E-04,8.23E-06
,slvtpfet_igtot,9.01E-13,9.01E-13,9.01E-13,9.01E-13,5.33E-17,,,,,,,slvtpfet_igtot,-7.73E-12,3.01E-14
,slvtpfet_igidl,-1.50E-16,-1.49E-16,-1.50E-16,-1.50E-16,1.01E-19,,,,,,,slvtpfet_igidl,-8.92E-102,0
,slvtpfet_vth,-3.11E-01,-1.84E-01,-2.48E-01,-2.48E-01,1.93E-02,,,,,,,slvtpfet_vth,-2.48E-01,1.93E-02
,vlvtpfet_ids,-1.56E-07,-5.79E-09,-2.96E-08,-2.57E-08,1.67E-08,,,,,,,vlvtpfet_ids,-1.08E-04,8.07E-06
,vlvtpfet_igtot,9.01E-13,9.01E-13,9.01E-13,9.01E-13,2.58E-17,,,,,,,vlvtpfet_igtot,-7.83E-12,3.37E-14
,vlvtpfet_igidl,-2.32E-16,-2.31E-16,-2.32E-16,-2.32E-16,7.42E-20,,,,,,,vlvtpfet_igidl,-9.96E-102,0
,vlvtpfet_vth,-3.12E-01,-1.90E-01,-2.56E-01,-2.56E-01,1.94E-02,,,,,,,vlvtpfet_vth,-2.56E-01,1.94E-02
,nswpfetpu_ids,-1.55E-09,-2.21E-11,-2.64E-10,-1.94E-10,2.19E-10,,,,,,,nswpfetpu_ids,-3.09E-05,1.96E-06
,nswpfetpu_igtot,5.61E-13,5.61E-13,5.61E-13,5.61E-13,2.01E-17,,,,,,,nswpfetpu_igtot,-5.73E-12,3.47E-13
,nswpfetpu_igidl,-1.13E-13,-1.13E-13,-1.13E-13,-1.13E-13,4.41E-19,,,,,,,nswpfetpu_igidl,-1.28E-101,0
,nswpfetpu_vth,-3.36E-01,-1.85E-01,-2.58E-01,-2.59E-01,2.71E-02,,,,,,,nswpfetpu_vth,-2.58E-01,2.71E-02
,,,,,,,,,,,,,,,
,,,,,,,,,,,,,,,
,,,,,,,,,,,,,,,
,,,,,,,,,,,,,,,
,,,,,,,,,,,,,,,
,,,,,,,,,,,,,,,
,,,,,,,,,,,,,,,
,,,,,,,,,,,,,,,
,,,,,,,,,,,,,,,
,,,,,,,,,,,,,,,
,,,,,,,,,,,,,,,
,,,,,,,,,,,,,,,
,,,,,,,,,,,,,,,
,,,,,,,,,,,,,,,
,,,,,,,,,,,,,,,
,,,,,,,,,,,,,,,
,,,,,,,,,,,,,,,
,,,,,,,,,,,,,,,
,,,,,,,,,,,,,,,
,,,,,,,,,,,,,,,
,,,,,,,,,,,,,,,
,,,,,,,,,,,,,,,
,,,,,,,,,,,,,,,
,,,,,,,,,,,,,,,
,,,,,,,,,,,,,,,
